index	prediction
test-0	4
test-1	96
test-2	71
test-3	36
test-4	98
test-5	46
test-6	17
test-7	116
test-8	17
test-9	71
test-10	106
test-11	4
test-12	113
test-13	9
test-14	18
test-15	70
test-16	17
test-17	95
test-18	78
test-19	91
test-20	34
test-21	70
test-22	20
test-23	106
test-24	106
test-25	1
test-26	18
test-27	70
test-28	4
test-29	17
test-30	56
test-31	8
test-32	78
test-33	34
test-34	20
test-35	22
test-36	49
test-37	21
test-38	22
test-39	21
test-40	21
test-41	17
test-42	22
test-43	116
test-44	70
test-45	49
test-46	70
test-47	53
test-48	95
test-49	70
test-50	53
test-51	36
test-52	70
test-53	48
test-54	70
test-55	70
test-56	97
test-57	19
test-58	70
test-59	25
test-60	54
test-61	46
test-62	95
test-63	54
test-64	70
test-65	16
test-66	48
test-67	25
test-68	95
test-69	70
test-70	88
test-71	18
test-72	36
test-73	70
test-74	71
test-75	20
test-76	70
test-77	25
test-78	18
test-79	102
test-80	99
test-81	53
test-82	8
test-83	21
test-84	77
test-85	99
test-86	85
test-87	28
test-88	18
test-89	70
test-90	21
test-91	34
test-92	8
test-93	53
test-94	17
test-95	25
test-96	91
test-97	25
test-98	22
test-99	34
test-100	70
test-101	17
test-102	9
test-103	8
test-104	17
test-105	70
test-106	44
test-107	53
test-108	71
test-109	116
test-110	18
test-111	111
test-112	13
test-113	71
test-114	70
test-115	90
test-116	71
test-117	71
test-118	18
test-119	20
test-120	70
test-121	70
test-122	36
test-123	88
test-124	70
test-125	22
test-126	85
test-127	48
test-128	70
test-129	3
test-130	95
test-131	70
test-132	70
test-133	85
test-134	70
test-135	4
test-136	70
test-137	25
test-138	94
test-139	53
test-140	96
test-141	106
test-142	70
test-143	106
test-144	47
test-145	95
test-146	70
test-147	85
test-148	18
test-149	17
test-150	48
test-151	9
test-152	70
test-153	34
test-154	18
test-155	70
test-156	20
test-157	70
test-158	70
test-159	70
test-160	21
test-161	53
test-162	36
test-163	17
test-164	91
test-165	95
test-166	17
test-167	70
test-168	91
test-169	36
test-170	91
test-171	54
test-172	116
test-173	70
test-174	70
test-175	102
test-176	70
test-177	70
test-178	70
test-179	53
test-180	53
test-181	95
test-182	70
test-183	70
test-184	97
test-185	85
test-186	24
test-187	70
test-188	95
test-189	70
test-190	62
test-191	24
test-192	70
test-193	70
test-194	18
test-195	70
test-196	28
test-197	70
test-198	56
test-199	28
test-200	34
test-201	56
test-202	36
test-203	18
test-204	70
test-205	28
test-206	21
test-207	49
test-208	70
test-209	71
test-210	36
test-211	17
test-212	97
test-213	95
test-214	21
test-215	21
test-216	102
test-217	71
test-218	70
test-219	19
test-220	91
test-221	9
test-222	70
test-223	34
test-224	106
test-225	9
test-226	16
test-227	70
test-228	53
test-229	70
test-230	95
test-231	116
test-232	71
test-233	46
test-234	54
test-235	71
test-236	84
test-237	28
test-238	61
test-239	8
test-240	70
test-241	73
test-242	22
test-243	95
test-244	48
test-245	53
test-246	46
test-247	70
test-248	80
test-249	21
test-250	70
test-251	21
test-252	70
test-253	95
test-254	18
test-255	70
test-256	49
test-257	53
test-258	70
test-259	70
test-260	53
test-261	46
test-262	36
test-263	17
test-264	70
test-265	70
test-266	70
test-267	21
test-268	8
test-269	17
test-270	54
test-271	8
test-272	49
test-273	56
test-274	71
test-275	16
test-276	70
test-277	77
test-278	81
test-279	111
test-280	70
test-281	93
test-282	116
test-283	36
test-284	70
test-285	71
test-286	70
test-287	48
test-288	19
test-289	20
test-290	102
test-291	88
test-292	34
test-293	18
test-294	70
test-295	19
test-296	70
test-297	44
test-298	28
test-299	70
test-300	28
test-301	70
test-302	70
test-303	13
test-304	36
test-305	54
test-306	4
test-307	36
test-308	21
test-309	70
test-310	80
test-311	25
test-312	95
test-313	70
test-314	97
test-315	24
test-316	70
test-317	20
test-318	106
test-319	95
test-320	48
test-321	70
test-322	13
test-323	8
test-324	17
test-325	17
test-326	70
test-327	79
test-328	25
test-329	53
test-330	96
test-331	94
test-332	96
test-333	95
test-334	49
test-335	46
test-336	70
test-337	70
test-338	71
test-339	70
test-340	36
test-341	95
test-342	70
test-343	28
test-344	53
test-345	71
test-346	106
test-347	21
test-348	17
test-349	8
test-350	24
test-351	70
test-352	11
test-353	36
test-354	96
test-355	22
test-356	96
test-357	99
test-358	70
test-359	106
test-360	85
test-361	70
test-362	25
test-363	17
test-364	56
test-365	59
test-366	53
test-367	17
test-368	9
test-369	95
test-370	9
test-371	71
test-372	34
test-373	36
test-374	49
test-375	70
test-376	10
test-377	70
test-378	70
test-379	17
test-380	106
test-381	85
test-382	21
test-383	53
test-384	35
test-385	34
test-386	34
test-387	44
test-388	106
test-389	19
test-390	99
test-391	95
test-392	73
test-393	44
test-394	90
test-395	95
test-396	96
test-397	17
test-398	8
test-399	17
test-400	70
test-401	113
test-402	34
test-403	16
test-404	70
test-405	64
test-406	70
test-407	53
test-408	25
test-409	25
test-410	53
test-411	103
test-412	102
test-413	28
test-414	97
test-415	17
test-416	70
test-417	95
test-418	70
test-419	46
test-420	16
test-421	36
test-422	22
test-423	70
test-424	20
test-425	70
test-426	70
test-427	56
test-428	71
test-429	53
test-430	53
test-431	36
test-432	70
test-433	17
test-434	17
test-435	17
test-436	17
test-437	18
test-438	53
test-439	54
test-440	17
test-441	35
test-442	53
test-443	17
test-444	94
test-445	25
test-446	116
test-447	28
test-448	34
test-449	71
test-450	53
test-451	22
test-452	71
test-453	9
test-454	4
test-455	70
test-456	70
test-457	53
test-458	75
test-459	18
test-460	28
test-461	70
test-462	102
test-463	20
test-464	85
test-465	17
test-466	70
test-467	10
test-468	70
test-469	96
test-470	70
test-471	70
test-472	70
test-473	19
test-474	54
test-475	25
test-476	49
test-477	22
test-478	70
test-479	96
test-480	94
test-481	53
test-482	70
test-483	28
test-484	70
test-485	16
test-486	59
test-487	48
test-488	113
test-489	92
test-490	70
test-491	8
test-492	28
test-493	22
test-494	106
test-495	70
test-496	62
test-497	70
test-498	24
test-499	13
test-500	91
test-501	70
test-502	85
test-503	18
test-504	70
test-505	70
test-506	19
test-507	20
test-508	106
test-509	70
test-510	70
test-511	17
test-512	48
test-513	17
test-514	97
test-515	106
test-516	49
test-517	25
test-518	56
test-519	18
test-520	8
test-521	44
test-522	10
test-523	24
test-524	70
test-525	99
test-526	11
test-527	106
test-528	102
test-529	17
test-530	70
test-531	96
test-532	70
test-533	53
test-534	54
test-535	21
test-536	70
test-537	17
test-538	28
test-539	34
test-540	18
test-541	70
test-542	70
test-543	70
test-544	70
test-545	59
test-546	48
test-547	53
test-548	70
test-549	85
test-550	44
test-551	91
test-552	34
test-553	70
test-554	22
test-555	106
test-556	17
test-557	28
test-558	17
test-559	96
test-560	21
test-561	90
test-562	70
test-563	92
test-564	70
test-565	70
test-566	71
test-567	70
test-568	8
test-569	71
test-570	17
test-571	18
test-572	70
test-573	78
test-574	70
test-575	56
test-576	95
test-577	34
test-578	20
test-579	17
test-580	70
test-581	102
test-582	56
test-583	21
test-584	17
test-585	25
test-586	18
test-587	85
test-588	53
test-589	81
test-590	22
test-591	49
test-592	28
test-593	96
test-594	56
test-595	70
test-596	18
test-597	16
test-598	95
test-599	17
test-600	70
test-601	9
test-602	71
test-603	70
test-604	70
test-605	17
test-606	94
test-607	93
test-608	17
test-609	48
test-610	70
test-611	25
test-612	17
test-613	71
test-614	18
test-615	70
test-616	17
test-617	36
test-618	96
test-619	71
test-620	78
test-621	102
test-622	17
test-623	71
test-624	24
test-625	21
test-626	17
test-627	17
test-628	8
test-629	77
test-630	17
test-631	91
test-632	5
test-633	71
test-634	16
test-635	21
test-636	48
test-637	36
test-638	17
test-639	70
test-640	54
test-641	96
test-642	94
test-643	70
test-644	10
test-645	96
test-646	96
test-647	48
test-648	70
test-649	70
test-650	22
test-651	53
test-652	70
test-653	70
test-654	101
test-655	70
test-656	71
test-657	17
test-658	75
test-659	62
test-660	70
test-661	18
test-662	70
test-663	70
test-664	28
test-665	36
test-666	17
test-667	77
test-668	70
test-669	70
test-670	16
test-671	13
test-672	70
test-673	70
test-674	36
test-675	28
test-676	21
test-677	28
test-678	95
test-679	77
test-680	71
test-681	56
test-682	95
test-683	70
test-684	70
test-685	70
test-686	71
test-687	21
test-688	16
test-689	70
test-690	70
test-691	36
test-692	70
test-693	70
test-694	17
test-695	36
test-696	17
test-697	70
test-698	20
test-699	113
test-700	70
test-701	99
test-702	20
test-703	34
test-704	24
test-705	17
test-706	70
test-707	17
test-708	95
test-709	70
test-710	96
test-711	96
test-712	99
test-713	71
test-714	70
test-715	95
test-716	25
test-717	70
test-718	46
test-719	70
test-720	34
test-721	70
test-722	11
test-723	53
test-724	16
test-725	92
test-726	25
test-727	70
test-728	18
test-729	106
test-730	17
test-731	95
test-732	70
test-733	18
test-734	70
test-735	53
test-736	70
test-737	96
test-738	78
test-739	70
test-740	113
test-741	18
test-742	17
test-743	70
test-744	25
test-745	21
test-746	24
test-747	71
test-748	95
test-749	20
test-750	17
test-751	95
test-752	95
test-753	70
test-754	25
test-755	113
test-756	70
test-757	70
test-758	70
test-759	53
test-760	17
test-761	72
test-762	62
test-763	106
test-764	46
test-765	102
test-766	25
test-767	97
test-768	53
test-769	44
test-770	70
test-771	19
test-772	70
test-773	70
test-774	9
test-775	70
test-776	17
test-777	46
test-778	106
test-779	13
test-780	53
test-781	22
test-782	56
test-783	17
test-784	96
test-785	70
test-786	71
test-787	70
test-788	36
test-789	34
test-790	20
test-791	70
test-792	95
test-793	22
test-794	96
test-795	70
test-796	71
test-797	70
test-798	64
test-799	36
test-800	70
test-801	17
test-802	28
test-803	46
test-804	53
test-805	8
test-806	70
test-807	20
test-808	106
test-809	70
test-810	94
test-811	22
test-812	72
test-813	113
test-814	70
test-815	70
test-816	71
test-817	34
test-818	53
test-819	46
test-820	28
test-821	70
test-822	78
test-823	70
test-824	34
test-825	70
test-826	25
test-827	70
test-828	53
test-829	70
test-830	106
test-831	21
test-832	116
test-833	85
test-834	70
test-835	20
test-836	28
test-837	21
test-838	16
test-839	10
test-840	99
test-841	95
test-842	113
test-843	18
test-844	99
test-845	46
test-846	77
test-847	70
test-848	25
test-849	16
test-850	71
test-851	53
test-852	54
test-853	36
test-854	106
test-855	71
test-856	17
test-857	53
test-858	53
test-859	70
test-860	70
test-861	71
test-862	49
test-863	78
test-864	21
test-865	4
test-866	95
test-867	28
test-868	21
test-869	8
test-870	70
test-871	17
test-872	85
test-873	71
test-874	54
test-875	70
test-876	106
test-877	24
test-878	20
test-879	53
test-880	99
test-881	70
test-882	13
test-883	17
test-884	8
test-885	91
test-886	71
test-887	97
test-888	91
test-889	96
test-890	88
test-891	70
test-892	53
test-893	91
test-894	22
test-895	70
test-896	22
test-897	91
test-898	70
test-899	47
test-900	10
test-901	78
test-902	21
test-903	28
test-904	53
test-905	36
test-906	62
test-907	53
test-908	78
test-909	22
test-910	99
test-911	8
test-912	106
test-913	18
test-914	17
test-915	8
test-916	70
test-917	91
test-918	101
test-919	22
test-920	16
test-921	36
test-922	71
test-923	70
test-924	70
test-925	17
test-926	71
test-927	20
test-928	70
test-929	91
test-930	94
test-931	70
test-932	34
test-933	8
test-934	70
test-935	70
test-936	28
test-937	70
test-938	106
test-939	102
test-940	36
test-941	16
test-942	46
test-943	53
test-944	96
test-945	95
test-946	95
test-947	70
test-948	94
test-949	34
test-950	70
test-951	14
test-952	70
test-953	18
test-954	21
test-955	18
test-956	72
test-957	70
test-958	70
test-959	53
test-960	70
test-961	20
test-962	70
test-963	21
test-964	49
test-965	54
test-966	70
test-967	70
test-968	49
test-969	80
test-970	91
test-971	116
test-972	17
test-973	70
test-974	18
test-975	85
test-976	106
test-977	53
test-978	70
test-979	48
test-980	96
test-981	36
test-982	88
test-983	98
test-984	70
test-985	28
test-986	53
test-987	70
test-988	36
test-989	16
test-990	47
test-991	54
test-992	72
test-993	34
test-994	94
test-995	56
test-996	53
test-997	95
test-998	70
test-999	46
test-1000	70
test-1001	9
test-1002	70
test-1003	93
test-1004	106
test-1005	70
test-1006	34
test-1007	28
test-1008	70
test-1009	70
test-1010	44
test-1011	17
test-1012	36
test-1013	106
test-1014	70
test-1015	17
test-1016	34
test-1017	11
test-1018	59
test-1019	17
test-1020	111
test-1021	53
test-1022	96
test-1023	56
test-1024	70
test-1025	73
test-1026	91
test-1027	111
test-1028	95
test-1029	20
test-1030	56
test-1031	70
test-1032	95
test-1033	103
test-1034	71
test-1035	18
test-1036	70
test-1037	93
test-1038	34
test-1039	36
test-1040	95
test-1041	84
test-1042	70
test-1043	70
test-1044	59
test-1045	49
test-1046	53
test-1047	53
test-1048	36
test-1049	71
test-1050	49
test-1051	21
test-1052	17
test-1053	34
test-1054	46
test-1055	70
test-1056	25
test-1057	11
test-1058	106
test-1059	9
test-1060	35
test-1061	1
test-1062	17
test-1063	17
test-1064	53
test-1065	28
test-1066	70
test-1067	17
test-1068	18
test-1069	54
test-1070	26
test-1071	13
test-1072	53
test-1073	71
test-1074	16
test-1075	54
test-1076	70
test-1077	106
test-1078	16
test-1079	22
test-1080	54
test-1081	17
test-1082	46
test-1083	71
test-1084	56
test-1085	70
test-1086	56
test-1087	106
test-1088	5
test-1089	92
test-1090	34
test-1091	70
test-1092	78
test-1093	111
test-1094	18
test-1095	77
test-1096	73
test-1097	106
test-1098	70
test-1099	17
test-1100	17
test-1101	96
test-1102	9
test-1103	17
test-1104	48
test-1105	18
test-1106	17
test-1107	71
test-1108	70
test-1109	53
test-1110	17
test-1111	9
test-1112	20
test-1113	17
test-1114	70
test-1115	70
test-1116	8
test-1117	62
test-1118	70
test-1119	20
test-1120	111
test-1121	70
test-1122	25
test-1123	73
test-1124	17
test-1125	46
test-1126	17
test-1127	90
test-1128	80
test-1129	53
test-1130	70
test-1131	17
test-1132	16
test-1133	62
test-1134	71
test-1135	70
test-1136	21
test-1137	70
test-1138	48
test-1139	79
test-1140	17
test-1141	70
test-1142	53
test-1143	70
test-1144	53
test-1145	70
test-1146	70
test-1147	36
test-1148	70
test-1149	70
test-1150	70
test-1151	13
test-1152	102
test-1153	17
test-1154	71
test-1155	28
test-1156	17
test-1157	19
test-1158	53
test-1159	70
test-1160	70
test-1161	70
test-1162	17
test-1163	54
test-1164	10
test-1165	94
test-1166	11
test-1167	106
test-1168	106
test-1169	28
test-1170	21
test-1171	13
test-1172	28
test-1173	22
test-1174	106
test-1175	70
test-1176	20
test-1177	59
test-1178	18
test-1179	18
test-1180	98
test-1181	77
test-1182	21
test-1183	70
test-1184	25
test-1185	71
test-1186	70
test-1187	53
test-1188	17
test-1189	102
test-1190	54
test-1191	70
test-1192	4
test-1193	60
test-1194	25
test-1195	70
test-1196	71
test-1197	85
test-1198	70
test-1199	71
test-1200	49
test-1201	85
test-1202	116
test-1203	70
test-1204	34
test-1205	94
test-1206	88
test-1207	99
test-1208	70
test-1209	53
test-1210	36
test-1211	70
test-1212	106
test-1213	20
test-1214	111
test-1215	80
test-1216	63
test-1217	56
test-1218	20
test-1219	70
test-1220	24
test-1221	54
test-1222	17
test-1223	85
test-1224	102
test-1225	46
test-1226	96
test-1227	94
test-1228	49
test-1229	54
test-1230	99
test-1231	34
test-1232	70
test-1233	9
test-1234	70
test-1235	49
test-1236	96
test-1237	17
test-1238	70
test-1239	70
test-1240	70
test-1241	71
test-1242	46
test-1243	4
test-1244	9
test-1245	13
test-1246	94
test-1247	70
test-1248	53
test-1249	36
test-1250	18
test-1251	91
test-1252	95
test-1253	22
test-1254	95
test-1255	54
test-1256	53
test-1257	25
test-1258	20
test-1259	53
test-1260	71
test-1261	13
test-1262	21
test-1263	28
test-1264	14
test-1265	53
test-1266	71
test-1267	70
test-1268	17
test-1269	34
test-1270	102
test-1271	49
test-1272	21
test-1273	70
test-1274	53
test-1275	70
test-1276	53
test-1277	70
test-1278	70
test-1279	106
test-1280	48
test-1281	18
test-1282	19
test-1283	22
test-1284	70
test-1285	76
test-1286	21
test-1287	75
test-1288	21
test-1289	99
test-1290	56
test-1291	20
test-1292	53
test-1293	8
test-1294	70
test-1295	70
test-1296	36
test-1297	80
test-1298	56
test-1299	71
test-1300	24
test-1301	24
test-1302	45
test-1303	34
test-1304	92
test-1305	70
test-1306	85
test-1307	70
test-1308	17
test-1309	70
test-1310	18
test-1311	49
test-1312	102
test-1313	91
test-1314	21
test-1315	17
test-1316	96
test-1317	98
test-1318	71
test-1319	53
test-1320	70
test-1321	28
test-1322	70
test-1323	18
test-1324	70
test-1325	17
test-1326	36
test-1327	70
test-1328	70
test-1329	70
test-1330	24
test-1331	88
test-1332	21
test-1333	17
test-1334	70
test-1335	70
test-1336	91
test-1337	96
test-1338	79
test-1339	54
test-1340	70
test-1341	34
test-1342	70
test-1343	34
test-1344	24
test-1345	17
test-1346	94
test-1347	17
test-1348	95
test-1349	70
test-1350	16
test-1351	70
test-1352	46
test-1353	70
test-1354	71
test-1355	16
test-1356	96
test-1357	85
test-1358	34
test-1359	70
test-1360	8
test-1361	70
test-1362	10
test-1363	46
test-1364	18
test-1365	70
test-1366	25
test-1367	34
test-1368	70
test-1369	19
test-1370	34
test-1371	53
test-1372	48
test-1373	70
test-1374	16
test-1375	24
test-1376	60
test-1377	17
test-1378	106
test-1379	70
test-1380	17
test-1381	48
test-1382	99
test-1383	77
test-1384	34
test-1385	70
test-1386	34
test-1387	36
test-1388	53
test-1389	53
test-1390	17
test-1391	88
test-1392	95
test-1393	17
test-1394	95
test-1395	71
test-1396	48
test-1397	70
test-1398	34
test-1399	16
test-1400	48
test-1401	46
test-1402	80
test-1403	70
test-1404	48
test-1405	95
test-1406	104
test-1407	21
test-1408	88
test-1409	13
test-1410	36
test-1411	53
test-1412	17
test-1413	71
test-1414	47
test-1415	70
test-1416	70
test-1417	17
test-1418	36
test-1419	71
test-1420	84
test-1421	70
test-1422	92
test-1423	54
test-1424	46
test-1425	71
test-1426	53
test-1427	20
test-1428	64
test-1429	35
test-1430	25
test-1431	85
test-1432	70
test-1433	53
test-1434	62
test-1435	70
test-1436	106
test-1437	44
test-1438	71
test-1439	70
test-1440	16
test-1441	62
test-1442	88
test-1443	28
test-1444	70
test-1445	49
test-1446	56
test-1447	8
test-1448	20
test-1449	17
test-1450	70
test-1451	70
test-1452	53
test-1453	28
test-1454	88
test-1455	4
test-1456	96
test-1457	70
test-1458	24
test-1459	70
test-1460	81
test-1461	70
test-1462	18
test-1463	113
test-1464	24
test-1465	10
test-1466	70
test-1467	35
test-1468	17
test-1469	94
test-1470	95
test-1471	95
test-1472	53
test-1473	70
test-1474	70
test-1475	19
test-1476	53
test-1477	9
test-1478	92
test-1479	109
test-1480	99
test-1481	53
test-1482	46
test-1483	49
test-1484	36
test-1485	70
test-1486	71
test-1487	46
test-1488	70
test-1489	70
test-1490	90
test-1491	106
test-1492	106
test-1493	28
test-1494	70
test-1495	21
test-1496	5
test-1497	71
test-1498	106
test-1499	92
test-1500	70
test-1501	96
test-1502	95
test-1503	77
test-1504	18
test-1505	9
test-1506	96
test-1507	49
test-1508	79
test-1509	36
test-1510	95
test-1511	70
test-1512	70
test-1513	106
test-1514	49
test-1515	46
test-1516	72
test-1517	28
test-1518	56
test-1519	80
test-1520	70
test-1521	106
test-1522	70
test-1523	85
test-1524	53
test-1525	8
test-1526	91
test-1527	53
test-1528	84
test-1529	17
test-1530	71
test-1531	96
test-1532	95
test-1533	16
test-1534	5
test-1535	20
test-1536	95
test-1537	28
test-1538	116
test-1539	96
test-1540	96
test-1541	13
test-1542	21
test-1543	22
test-1544	53
test-1545	17
test-1546	111
test-1547	54
test-1548	70
test-1549	21
test-1550	8
test-1551	95
test-1552	70
test-1553	53
test-1554	92
test-1555	99
test-1556	53
test-1557	70
test-1558	34
test-1559	102
test-1560	70
test-1561	36
test-1562	73
test-1563	91
test-1564	20
test-1565	17
test-1566	70
test-1567	70
test-1568	79
test-1569	70
test-1570	111
test-1571	28
test-1572	46
test-1573	24
test-1574	20
test-1575	70
test-1576	17
test-1577	71
test-1578	22
test-1579	17
test-1580	96
test-1581	70
test-1582	21
test-1583	34
test-1584	70
test-1585	21
test-1586	70
test-1587	88
test-1588	16
test-1589	25
test-1590	70
test-1591	71
test-1592	17
test-1593	25
test-1594	95
test-1595	16
test-1596	95
test-1597	95
test-1598	16
test-1599	19
test-1600	9
test-1601	70
test-1602	70
test-1603	17
test-1604	102
test-1605	85
test-1606	95
test-1607	25
test-1608	106
test-1609	53
test-1610	70
test-1611	70
test-1612	106
test-1613	70
test-1614	9
test-1615	70
test-1616	70
test-1617	101
test-1618	70
test-1619	54
test-1620	18
test-1621	106
test-1622	106
test-1623	8
test-1624	17
test-1625	70
test-1626	70
test-1627	71
test-1628	16
test-1629	41
test-1630	71
test-1631	36
test-1632	18
test-1633	95
test-1634	70
test-1635	70
test-1636	53
test-1637	17
test-1638	111
test-1639	102
test-1640	70
test-1641	25
test-1642	48
test-1643	96
test-1644	28
test-1645	17
test-1646	36
test-1647	70
test-1648	20
test-1649	116
test-1650	53
test-1651	85
test-1652	71
test-1653	70
test-1654	53
test-1655	70
test-1656	53
test-1657	116
test-1658	13
test-1659	70
test-1660	36
test-1661	70
test-1662	95
test-1663	94
test-1664	20
test-1665	10
test-1666	36
test-1667	17
test-1668	106
test-1669	53
test-1670	71
test-1671	84
test-1672	18
test-1673	70
test-1674	62
test-1675	16
test-1676	95
test-1677	70
test-1678	59
test-1679	28
test-1680	103
test-1681	56
test-1682	70
test-1683	53
test-1684	70
test-1685	70
test-1686	94
test-1687	116
test-1688	85
test-1689	70
test-1690	96
test-1691	77
test-1692	96
test-1693	95
test-1694	8
test-1695	70
test-1696	4
test-1697	99
test-1698	53
test-1699	17
test-1700	53
test-1701	19
test-1702	36
test-1703	70
test-1704	70
test-1705	70
test-1706	53
test-1707	70
test-1708	102
test-1709	16
test-1710	78
test-1711	70
test-1712	111
test-1713	106
test-1714	88
test-1715	70
test-1716	56
test-1717	96
test-1718	71
test-1719	95
test-1720	70
test-1721	28
test-1722	21
test-1723	46
test-1724	36
test-1725	102
test-1726	106
test-1727	71
test-1728	48
test-1729	70
test-1730	25
test-1731	28
test-1732	53
test-1733	16
test-1734	17
test-1735	17
test-1736	34
test-1737	36
test-1738	106
test-1739	53
test-1740	17
test-1741	9
test-1742	94
test-1743	111
test-1744	53
test-1745	5
test-1746	20
test-1747	70
test-1748	70
test-1749	53
test-1750	25
test-1751	22
test-1752	18
test-1753	56
test-1754	49
test-1755	44
test-1756	70
test-1757	21
test-1758	17
test-1759	22
test-1760	20
test-1761	49
test-1762	17
test-1763	70
test-1764	53
test-1765	99
test-1766	17
test-1767	10
test-1768	106
test-1769	94
test-1770	90
test-1771	111
test-1772	4
test-1773	9
test-1774	71
test-1775	91
test-1776	20
test-1777	70
test-1778	17
test-1779	116
test-1780	70
test-1781	49
test-1782	36
test-1783	20
test-1784	96
test-1785	88
test-1786	5
test-1787	106
test-1788	85
test-1789	95
test-1790	96
test-1791	77
test-1792	71
test-1793	4
test-1794	16
test-1795	20
test-1796	70
test-1797	70
test-1798	53
test-1799	96
test-1800	10
test-1801	46
test-1802	25
test-1803	25
test-1804	28
test-1805	17
test-1806	17
test-1807	53
test-1808	70
test-1809	21
test-1810	113
test-1811	88
test-1812	71
test-1813	101
test-1814	99
test-1815	17
test-1816	28
test-1817	106
test-1818	91
test-1819	8
test-1820	70
test-1821	34
test-1822	106
test-1823	22
test-1824	28
test-1825	28
test-1826	95
test-1827	85
test-1828	106
test-1829	17
test-1830	53
test-1831	24
test-1832	53
test-1833	16
test-1834	94
test-1835	70
test-1836	53
test-1837	71
test-1838	22
test-1839	54
test-1840	10
test-1841	95
test-1842	34
test-1843	9
test-1844	70
test-1845	17
test-1846	48
test-1847	8
test-1848	54
test-1849	53
test-1850	8
test-1851	96
test-1852	70
test-1853	70
test-1854	70
test-1855	53
test-1856	13
test-1857	113
test-1858	53
test-1859	17
test-1860	106
test-1861	96
test-1862	17
test-1863	8
test-1864	11
test-1865	18
test-1866	8
test-1867	18
test-1868	56
test-1869	96
test-1870	8
test-1871	28
test-1872	70
test-1873	91
test-1874	22
test-1875	9
test-1876	70
test-1877	24
test-1878	46
test-1879	46
test-1880	8
test-1881	70
test-1882	28
test-1883	96
test-1884	96
test-1885	54
test-1886	70
test-1887	70
test-1888	70
test-1889	88
test-1890	17
test-1891	70
test-1892	70
test-1893	71
test-1894	46
test-1895	17
test-1896	21
test-1897	56
test-1898	53
test-1899	5
test-1900	70
test-1901	4
test-1902	25
test-1903	95
test-1904	80
test-1905	17
test-1906	70
test-1907	5
test-1908	96
test-1909	20
test-1910	17
test-1911	71
test-1912	49
test-1913	19
test-1914	44
test-1915	17
test-1916	106
test-1917	70
test-1918	70
test-1919	70
test-1920	70
test-1921	17
test-1922	21
test-1923	85
test-1924	21
test-1925	62
test-1926	70
test-1927	17
test-1928	78
test-1929	9
test-1930	1
test-1931	25
test-1932	49
test-1933	13
test-1934	53
test-1935	49
test-1936	96
test-1937	34
test-1938	18
test-1939	48
test-1940	34
test-1941	10
test-1942	46
test-1943	71
test-1944	53
test-1945	99
test-1946	70
test-1947	113
test-1948	95
test-1949	25
test-1950	70
test-1951	70
test-1952	94
test-1953	80
test-1954	3
test-1955	16
test-1956	19
test-1957	95
test-1958	46
test-1959	34
test-1960	53
test-1961	21
test-1962	96
test-1963	21
test-1964	70
test-1965	70
test-1966	21
test-1967	71
test-1968	25
test-1969	70
test-1970	101
test-1971	22
test-1972	93
test-1973	106
test-1974	36
test-1975	16
test-1976	99
test-1977	70
test-1978	49
test-1979	70
test-1980	17
test-1981	95
test-1982	61
test-1983	88
test-1984	17
test-1985	17
test-1986	70
test-1987	71
test-1988	70
test-1989	46
test-1990	22
test-1991	8
test-1992	8
test-1993	25
test-1994	70
test-1995	18
test-1996	16
test-1997	19
test-1998	17
test-1999	70
test-2000	8
test-2001	91
test-2002	9
test-2003	96
test-2004	24
test-2005	70
test-2006	70
test-2007	70
test-2008	70
test-2009	70
test-2010	56
test-2011	70
test-2012	70
test-2013	97
test-2014	13
test-2015	70
test-2016	24
test-2017	93
test-2018	18
test-2019	70
test-2020	70
test-2021	106
test-2022	70
test-2023	53
test-2024	70
test-2025	71
test-2026	70
test-2027	17
test-2028	91
test-2029	44
test-2030	71
test-2031	36
test-2032	25
test-2033	17
test-2034	70
test-2035	25
test-2036	71
test-2037	71
test-2038	20
test-2039	99
test-2040	70
test-2041	106
test-2042	22
test-2043	48
test-2044	111
test-2045	53
test-2046	111
test-2047	21
test-2048	24
test-2049	70
test-2050	94
test-2051	4
test-2052	20
test-2053	96
test-2054	99
test-2055	4
test-2056	17
test-2057	70
test-2058	70
test-2059	106
test-2060	28
test-2061	46
test-2062	85
test-2063	34
test-2064	21
test-2065	28
test-2066	56
test-2067	70
test-2068	21
test-2069	18
test-2070	21
test-2071	18
test-2072	70
test-2073	91
test-2074	85
test-2075	25
test-2076	47
test-2077	70
test-2078	70
test-2079	70
test-2080	48
test-2081	106
test-2082	20
test-2083	97
test-2084	106
test-2085	17
test-2086	18
test-2087	70
test-2088	77
test-2089	78
test-2090	71
test-2091	96
test-2092	17
test-2093	24
test-2094	18
test-2095	96
test-2096	71
test-2097	17
test-2098	116
test-2099	19
test-2100	71
test-2101	70
test-2102	54
test-2103	22
test-2104	54
test-2105	62
test-2106	70
test-2107	48
test-2108	28
test-2109	97
test-2110	54
test-2111	8
test-2112	95
test-2113	8
test-2114	70
test-2115	28
test-2116	10
test-2117	53
test-2118	20
test-2119	70
test-2120	54
test-2121	70
test-2122	36
test-2123	46
test-2124	70
test-2125	60
test-2126	28
test-2127	28
test-2128	70
test-2129	106
test-2130	92
test-2131	71
test-2132	70
test-2133	54
test-2134	34
test-2135	56
test-2136	48
test-2137	21
test-2138	102
test-2139	20
test-2140	94
test-2141	71
test-2142	70
test-2143	70
test-2144	24
test-2145	36
test-2146	70
test-2147	28
test-2148	17
test-2149	8
test-2150	94
test-2151	53
test-2152	71
test-2153	71
test-2154	94
test-2155	18
test-2156	71
test-2157	70
test-2158	17
test-2159	17
test-2160	13
test-2161	24
test-2162	46
test-2163	70
test-2164	10
test-2165	70
test-2166	95
test-2167	95
test-2168	13
test-2169	71
test-2170	36
test-2171	70
test-2172	106
test-2173	10
test-2174	70
test-2175	96
test-2176	53
test-2177	16
test-2178	56
test-2179	17
test-2180	71
test-2181	70
test-2182	88
test-2183	4
test-2184	70
test-2185	48
test-2186	17
test-2187	10
test-2188	79
test-2189	71
test-2190	53
test-2191	36
test-2192	17
test-2193	53
test-2194	70
test-2195	54
test-2196	22
test-2197	70
test-2198	70
test-2199	17
test-2200	70
test-2201	70
test-2202	53
test-2203	70
test-2204	25
test-2205	16
test-2206	106
test-2207	70
test-2208	70
test-2209	96
test-2210	53
test-2211	22
test-2212	8
test-2213	111
test-2214	70
test-2215	91
test-2216	70
test-2217	19
test-2218	70
test-2219	106
test-2220	70
test-2221	116
test-2222	17
test-2223	71
test-2224	53
test-2225	53
test-2226	70
test-2227	113
test-2228	19
test-2229	70
test-2230	70
test-2231	70
test-2232	35
test-2233	70
test-2234	70
test-2235	70
test-2236	85
test-2237	16
test-2238	99
test-2239	10
test-2240	85
test-2241	78
test-2242	53
test-2243	70
test-2244	56
test-2245	70
test-2246	17
test-2247	70
test-2248	71
test-2249	17
test-2250	97
test-2251	13
test-2252	53
test-2253	70
test-2254	70
test-2255	34
test-2256	17
test-2257	8
test-2258	25
test-2259	53
test-2260	70
test-2261	28
test-2262	28
test-2263	53
test-2264	17
test-2265	17
test-2266	70
test-2267	96
test-2268	106
test-2269	24
test-2270	20
test-2271	49
test-2272	99
test-2273	20
test-2274	17
test-2275	53
test-2276	17
test-2277	28
test-2278	77
test-2279	71
test-2280	46
test-2281	17
test-2282	70
test-2283	70
test-2284	70
test-2285	8
test-2286	17
test-2287	95
test-2288	70
test-2289	54
test-2290	99
test-2291	106
test-2292	70
test-2293	96
test-2294	70
test-2295	16
test-2296	11
test-2297	36
test-2298	84
test-2299	53
test-2300	99
test-2301	36
test-2302	70
test-2303	4
test-2304	17
test-2305	24
test-2306	17
test-2307	92
test-2308	4
test-2309	53
test-2310	104
test-2311	56
test-2312	17
test-2313	80
test-2314	106
test-2315	96
test-2316	25
test-2317	97
test-2318	85
test-2319	70
test-2320	36
test-2321	71
test-2322	17
test-2323	13
test-2324	70
test-2325	96
test-2326	13
test-2327	56
test-2328	70
test-2329	20
test-2330	70
test-2331	102
test-2332	94
test-2333	70
test-2334	70
test-2335	21
test-2336	106
test-2337	36
test-2338	28
test-2339	20
test-2340	70
test-2341	98
test-2342	53
test-2343	20
test-2344	54
test-2345	70
test-2346	20
test-2347	28
test-2348	81
test-2349	99
test-2350	28
test-2351	21
test-2352	17
test-2353	18
test-2354	94
test-2355	106
test-2356	21
test-2357	36
test-2358	53
test-2359	34
test-2360	17
test-2361	36
test-2362	95
test-2363	20
test-2364	19
test-2365	44
test-2366	95
test-2367	17
test-2368	106
test-2369	96
test-2370	70
test-2371	106
test-2372	96
test-2373	96
test-2374	17
test-2375	70
test-2376	90
test-2377	48
test-2378	20
test-2379	70
test-2380	46
test-2381	70
test-2382	70
test-2383	19
test-2384	70
test-2385	101
test-2386	77
test-2387	17
test-2388	53
test-2389	18
test-2390	70
test-2391	70
test-2392	22
test-2393	70
test-2394	17
test-2395	8
test-2396	97
test-2397	70
test-2398	71
test-2399	70
test-2400	70
test-2401	70
test-2402	70
test-2403	70
test-2404	28
test-2405	25
test-2406	17
test-2407	96
test-2408	106
test-2409	53
test-2410	70
test-2411	70
test-2412	101
test-2413	56
test-2414	70
test-2415	22
test-2416	70
test-2417	46
test-2418	53
test-2419	53
test-2420	70
test-2421	95
test-2422	71
test-2423	59
test-2424	21
test-2425	70
test-2426	96
test-2427	97
test-2428	4
test-2429	111
test-2430	70
test-2431	22
test-2432	70
test-2433	10
test-2434	99
test-2435	21
test-2436	28
test-2437	92
test-2438	70
test-2439	8
test-2440	20
test-2441	16
test-2442	17
test-2443	96
test-2444	70
test-2445	53
test-2446	106
test-2447	85
test-2448	71
test-2449	28
test-2450	16
test-2451	70
test-2452	116
test-2453	18
test-2454	78
test-2455	34
test-2456	95
test-2457	21
test-2458	106
test-2459	71
test-2460	53
test-2461	71
test-2462	73
test-2463	94
test-2464	20
test-2465	8
test-2466	36
test-2467	106
test-2468	53
test-2469	70
test-2470	70
test-2471	21
test-2472	22
test-2473	54
test-2474	95
test-2475	9
test-2476	17
test-2477	70
test-2478	18
test-2479	75
test-2480	70
test-2481	34
test-2482	21
test-2483	49
test-2484	53
test-2485	70
test-2486	70
test-2487	53
test-2488	70
test-2489	70
test-2490	70
test-2491	70
test-2492	111
test-2493	54
test-2494	17
test-2495	106
test-2496	54
test-2497	70
test-2498	16
test-2499	70
test-2500	85
test-2501	70
test-2502	20
test-2503	34
test-2504	70
test-2505	17
test-2506	54
test-2507	70
test-2508	53
test-2509	70
test-2510	113
test-2511	70
test-2512	17
test-2513	17
test-2514	17
test-2515	99
test-2516	16
test-2517	70
test-2518	44
test-2519	46
test-2520	17
test-2521	95
test-2522	95
test-2523	53
test-2524	48
test-2525	11
test-2526	13
test-2527	70
test-2528	70
test-2529	17
test-2530	4
test-2531	94
test-2532	20
test-2533	62
test-2534	17
test-2535	70
test-2536	88
test-2537	28
test-2538	62
test-2539	70
test-2540	56
test-2541	56
test-2542	97
test-2543	70
test-2544	97
test-2545	53
test-2546	70
test-2547	53
test-2548	104
test-2549	17
test-2550	25
test-2551	1
test-2552	18
test-2553	25
test-2554	25
test-2555	70
test-2556	70
test-2557	54
test-2558	70
test-2559	71
test-2560	70
test-2561	71
test-2562	92
test-2563	36
test-2564	54
test-2565	36
test-2566	88
test-2567	25
test-2568	56
test-2569	53
test-2570	34
test-2571	53
test-2572	102
test-2573	17
test-2574	34
test-2575	70
test-2576	48
test-2577	85
test-2578	28
test-2579	35
test-2580	70
test-2581	95
test-2582	78
test-2583	95
test-2584	116
test-2585	24
test-2586	91
test-2587	28
test-2588	71
test-2589	56
test-2590	70
test-2591	91
test-2592	20
test-2593	28
test-2594	95
test-2595	80
test-2596	59
test-2597	22
test-2598	19
test-2599	71
